<?xml version="1.0"?>
<!--<!DOCTYPE metadata SYSTEM "http://www.esri.com/metadata/esriprof80.dtd">-->
<metadata xml:lang="en"><Esri><MetaID>{E8E60EA9-AAAC-4093-849F-FEAD87D3443B}</MetaID><CreaDate>20100707</CreaDate><CreaTime>15032800</CreaTime><SyncOnce>TRUE</SyncOnce></Esri><idinfo><citation><citeinfo><onlink Sync="TRUE">\\Winserver0\SEDACNEW\ES_indicators_subtask\CroplandPasture\Data_download\pasture.tif</onlink></citeinfo></citation></idinfo><distInfo><distributor><distorTran><onLineSrc><linkage Sync="TRUE">file://\\Winserver0\SEDACNEW\ES_indicators_subtask\CroplandPasture\Data_download\pasture.tif</linkage><protocol Sync="TRUE">Local Area Network</protocol></onLineSrc></distorTran></distributor></distInfo><dataqual><lineage><procstep><procdesc Sync="TRUE">Dataset moved.</procdesc><srcused Sync="TRUE">\\Winserver0\SEDACNEW\ES_indicators_subtask\CroplandPasture\Data_raw\pasture.tif</srcused><procdate Sync="TRUE">20100707</procdate><proctime Sync="TRUE">15032800</proctime></procstep></lineage></dataqual></metadata>
